2022,12,31,17,549.7,79.3,24.3,100.7,141,69.33
2022,12,31,18,480,68,27,86,119,59
2022,12,31,19,478.3,64.7,24.3,80.3,114.3,55
2022,12,31,20,476.7,61.3,21.7,74.7,109.7,51
2022,12,31,21,475,58,19,69,105,47
2022,12,31,22,421.7,46.3,28.3,56.7,78.7,40.33
2022,12,31,23,368.3,34.7,37.7,44.3,52.3,33.67
2023,01,01,00,315,23,47,32,26,27
2023,01,01,01,297,18.3,57,31,27,31
2023,01,01,02,279,13.7,67,30,28,22.5
2023,01,01,03,261,9,77,29,29,19
2023,01,01,04,273.3,13.7,81.3,28.7,45.7,19
2023,01,01,05,285.7,18.3,85.7,28.3,62.3,27
2023,01,01,06,298,23,90,28,79,19
2023,01,01,07,299.3,24,88.3,26.3,77.7,11
2023,01,01,08,300.7,25,86.7,24.7,76.3,17
2023,01,01,09,302,26,85,23,75,16
2023,01,01,10,338,36,69.7,22,58.3,15.33
2023,01,01,11,374,46,54.3,21,41.7,14.67
2023,01,01,12,410,56,39,20,25,14
2023,01,01,13,479.7,57.7,32.7,25,20.7,18.75
2023,01,01,14,549.3,59.3,26.3,30,16.3,19.33
2023,01,01,15,619,61,20,35,12,22
2023,01,01,16,740.7,60,19.3,48,12.3,18.33
2023,01,01,17,862.3,59,18.7,61,12.7,14.67
2023,01,01,18,984,58,18,74,13,11
2023,01,01,19,913.3,57.7,17,68.3,19.7,16
2023,01,01,20,842.7,57.3,16,62.7,26.3,29.67
2023,01,01,21,772,57,15,57,33,39
2023,01,01,22,737.7,56.3,14.3,56,37.3,16
2023,01,01,23,703.3,55.7,13.7,55,41.7,37.67
2023,01,02,00,669,55,13,54,46,37
2023,01,02,01,570.3,44.3,38,46.7,59,32
2023,01,02,02,471.7,33.7,63,39.3,72,27
2023,01,02,03,373,23,88,32,85,22
2023,01,02,04,336.7,18.7,105,32.3,71.7,24.67
2023,01,02,05,300.3,14.3,122,32.7,58.3,27.33
2023,01,02,06,264,10,139,33,45,30
2023,01,02,07,263,11.3,142.3,33.3,46,27.67
2023,01,02,08,262,12.7,145.7,33.7,47,25.33
2023,01,02,09,261,14,149,34,48,23
2023,01,02,10,479.3,49,103.7,49.7,41.7,28
2023,01,02,11,697.7,84,58.3,65.3,35.3,29.67
2023,01,02,12,916,119,13,81,29,33
2023,01,02,13,910.7,111.3,9.3,77.7,24.3,39.67
2023,01,02,14,905.3,103.7,5.7,74.3,19.7,46.33
2023,01,02,15,900,96,2,71,15,53
2023,01,02,16,844.7,89,3.3,69,17.3,50.67
2023,01,02,17,789.3,82,4.7,67,19.7,44
2023,01,02,18,734,75,6,65,22,46
2023,01,02,19,628.7,66,8.3,58,19.7,54.33
2023,01,02,20,523.3,57,10.7,51,17.3,38.25
2023,01,02,21,418,48,13,44,15,33
2023,01,02,22,405.3,43.7,15.7,40.7,13.3,30.5
2023,01,02,23,392.7,39.3,18.3,37.3,11.7,36
2023,01,03,00,380,35,21,34,10,25.5
2023,01,03,01,350.3,31.7,36.7,30.7,9.7,23
2023,01,03,02,320.7,28.3,52.3,27.3,9.3,18
2023,01,03,03,291,25,68,24,9,22
2023,01,03,04,263.7,20,85.7,25.3,13.7,13
2023,01,03,05,236.3,15,103.3,26.7,18.3,13
2023,01,03,06,209,10,121,28,23,8
2023,01,03,07,213.7,14.3,111,27,24.7,5
2023,01,03,08,218.3,18.7,101,26,26.3,5
2023,01,03,09,223,23,91,25,28,8
2023,01,03,10,251.7,29.7,74.7,28.7,33,10
2023,01,03,11,280.3,36.3,58.3,32.3,38,19.33
2023,01,03,12,309,43,42,36,43,25
2023,01,03,13,347.3,41,44.7,44.3,43.3,31
2023,01,03,14,385.7,39,47.3,52.7,43.7,37
2023,01,03,15,424,37,50,61,44,43
2023,01,03,16,419.3,40.7,43.7,63.7,56,44.67
2023,01,03,17,414.7,44.3,37.3,66.3,68,46.33
2023,01,03,18,410,48,31,69,80,48
2023,01,03,19,406,46,29,64.3,75.7,44.67
2023,01,03,20,402,44,27,59.7,71.3,41.33
2023,01,03,21,398,42,25,55,67,38
2023,01,03,22,364.7,37,28.3,48,56.3,33
2023,01,03,23,331.3,32,31.7,41,45.7,18
2023,01,04,00,298,27,35,34,35,23
2023,01,04,01,268,22.3,44.7,27.7,32.7,18.67
2023,01,04,02,238,17.7,54.3,21.3,30.3,14.33
2023,01,04,03,208,13,64,15,28,10
2023,01,04,04,214.3,15.3,63.3,14.3,37.7,9.67
2023,01,04,05,220.7,17.7,62.7,13.7,47.3,9.33
2023,01,04,06,227,20,62,13,57,9
2023,01,04,07,242.3,25.3,54,12.7,65,8.67
2023,01,04,08,257.7,30.7,46,12.3,73,8.33
2023,01,04,09,273,36,38,12,81,8
2023,01,04,10,254.3,30.3,42.3,12.7,64.7,8.67
2023,01,04,11,235.7,24.7,46.7,13.3,48.3,9
2023,01,04,12,217,19,51,14,32,10
2023,01,04,13,208,16,54.3,14,26.7,9.67
2023,01,04,14,199,13,57.7,14,21.3,9.33
2023,01,04,15,190,10,61,14,16,9
2023,01,04,16,181,9,62.3,12.7,15.3,8.33
2023,01,04,17,172,8,63.7,11.3,14.7,8.5
2023,01,04,18,163,7,65,10,14,7
2023,01,04,19,157.7,7,64.3,10,14.7,7
2023,01,04,20,152.3,7,63.7,10,15.3,7
2023,01,04,21,147,7,63,10,16,7
2023,01,04,22,150.3,8,60,11.3,16.3,7.67
2023,01,04,23,153.7,9,57,12.7,16.7,8.33
2023,01,05,00,157,10,54,14,17,9
2023,01,05,01,166,13,52.7,15.7,24.7,10.33
2023,01,05,02,175,16,51.3,17.3,32.3,11.67
2023,01,05,03,184,19,50,19,40,13
2023,01,05,04,226.3,27.3,43.3,21,66.7,14.67
2023,01,05,05,268.7,35.7,36.7,23,93.3,14
2023,01,05,06,311,44,30,25,120,18
2023,01,05,07,312.3,45.7,27.7,24,115.3,17
2023,01,05,08,313.7,47.3,25.3,23,110.7,16
2023,01,05,09,315,49,23,22,106,15
2023,01,05,10,263.3,37.3,33.3,20.3,76,14
2023,01,05,11,211.7,25.7,43.7,18.7,46,13
2023,01,05,12,160,14,54,17,16,12
2023,01,05,13,157.7,12.7,55.7,16.3,14,11.33
2023,01,05,14,155.3,11.3,57.3,15.7,12,10.67
2023,01,05,15,153,10,59,15,10,10
2023,01,05,16,156,10.3,57,15.3,11.7,10.33
2023,01,05,17,159,10.7,55,15.7,13.3,10.67
2023,01,05,18,162,11,53,16,15,11
2023,01,05,19,161.7,11,52.3,16,15.3,11.33
2023,01,05,20,161.3,11,51.7,16,15.7,11.67
2023,01,05,21,161,11,51,16,16,12
2023,01,05,22,161.3,10.7,52.7,15.7,14.7,11.75
2023,01,05,23,161.7,10.3,54.3,15.3,13.3,11.5
2023,01,06,00,162,10,56,15,12,11.25
2023,01,06,01,178.3,12.3,55,16.3,18.7,12.25
2023,01,06,02,194.7,14.7,54,17.7,25.3,17
2023,01,06,03,211,17,53,19,32,13
2023,01,06,04,220.3,19.3,55.7,18.3,46.3,11.33
2023,01,06,05,229.7,21.7,58.3,17.7,60.7,9.67
2023,01,06,06,239,24,61,17,75,8
2023,01,06,07,249.3,26.7,57.7,17.3,79.3,9.67
2023,01,06,08,259.7,29.3,54.3,17.7,83.7,11.33
2023,01,06,09,270,32,51,18,88,13
2023,01,06,10,255,28,51.3,19.7,72.3,14
2023,01,06,11,240,24,51.7,21.3,56.7,15
2023,01,06,12,225,20,52,23,41,16
2023,01,06,13,215.7,16,56,20.3,32,15.25
2023,01,06,14,206.3,12,60,17.7,23,12
2023,01,06,15,197,8,64,15,14,10
2023,01,06,16,211.7,7.7,66,14.3,16.3,9.67
2023,01,06,17,226.3,7.3,68,13.7,18.7,9.33
2023,01,06,18,241,7,70,13,21,9
2023,01,06,19,251,7,71.3,12.7,22.7,8.67
2023,01,06,20,261,7,72.7,12.3,24.3,8.33
2023,01,06,21,271,7,74,12,26,8
2023,01,06,22,280.3,8.3,71.3,13.3,26.3,5
2023,01,06,23,289.7,9.7,68.7,14.7,26.7,10
2023,01,07,00,299,11,66,16,27,11
2023,01,07,01,296.7,11.7,70,16.3,29.7,11
2023,01,07,02,294.3,12.3,74,16.7,32.3,11
2023,01,07,03,292,13,78,17,35,11
2023,01,07,04,305,20,70.7,18.3,55,12
2023,01,07,05,318,27,63.3,19.7,75,13
2023,01,07,06,331,34,56,21,95,14
2023,01,07,07,380.3,41.7,44.7,22.3,118.3,15.33
2023,01,07,08,429.7,49.3,33.3,23.7,141.7,16.67
2023,01,07,09,479,57,22,25,165,18
2023,01,07,10,416,45.3,32.3,23.3,125.3,16.67
2023,01,07,11,353,33.7,42.7,21.7,85.7,15.33
2023,01,07,12,290,22,53,20,46,14
2023,01,07,13,280.7,18.3,55,19.3,35.3,13.67
2023,01,07,14,271.3,14.7,57,18.7,24.7,13.33
2023,01,07,15,262,11,59,18,14,13
2023,01,07,16,267.7,11.7,57.7,18,17.7,13
2023,01,07,17,273.3,12.3,56.3,18,21.3,13
2023,01,07,18,279,13,55,18,25,13
2023,01,07,19,281,13,54,18.7,24,13.33
2023,01,07,20,283,13,53,19.3,23,13.67
2023,01,07,21,285,13,52,20,22,14
2023,01,07,22,299,15,47.3,22.7,23.3,16
2023,01,07,23,313,17,42.7,25.3,24.7,13
2023,01,08,00,327,19,38,28,26,20
2023,01,08,01,320.7,18,49,28,29.7,20
2023,01,08,02,314.3,17,60,28,33.3,20
2023,01,08,03,308,16,71,28,37,20
2023,01,08,04,333.3,25.7,68,30.7,70.3,21.67
2023,01,08,05,358.7,35.3,65,33.3,103.7,23.33
2023,01,08,06,384,45,62,36,137,25
2023,01,08,07,428.7,55,52.3,38.3,167.7,26.67
2023,01,08,08,473.3,65,42.7,40.7,198.3,28.33
2023,01,08,09,518,75,33,43,229,30
2023,01,08,10,502,68.3,28,46,192,32
2023,01,08,11,486,61.7,23,49,155,34
2023,01,08,12,470,55,18,52,118,36
2023,01,08,13,456.3,47.3,21,59.3,92.3,39
2023,01,08,14,442.7,39.7,24,66.7,66.7,46.67
2023,01,08,15,429,32,27,74,41,52
2023,01,08,16,425.3,28.3,28.3,78.7,34.7,55
2023,01,08,17,421.7,24.7,29.7,83.3,28.3,58
2023,01,08,18,418,21,31,88,22,61
2023,01,08,19,412.3,20.3,29.7,88.3,21.3,37
2023,01,08,20,406.7,19.7,28.3,88.7,20.7,61.67
2023,01,08,21,401,19,27,89,20,62
2023,01,08,22,445,23.3,23.3,100.3,30,29
2023,01,08,23,489,27.7,19.7,111.7,40,78
2023,01,09,00,533,32,16,123,50,86
2023,01,09,01,442,24.7,37,98.7,43.3,69
2023,01,09,02,351,17.3,58,74.3,36.7,52
2023,01,09,03,260,10,79,50,30,35
2023,01,09,04,228.3,11.7,75,40.3,33.7,28.33
2023,01,09,05,196.7,13.3,71,30.7,37.3,21.67
2023,01,09,06,165,15,67,21,41,15
2023,01,09,07,183.7,20,56,19.7,50.3,14
2023,01,09,08,202.3,25,45,18.3,59.7,13
2023,01,09,09,221,30,34,17,69,12
2023,01,09,10,261,34.7,24.3,19.7,47.3,14.75
2023,01,09,11,301,39.3,14.7,22.3,25.7,6
2023,01,09,12,341,44,5,25,4,24
2023,01,09,13,320.3,43.7,5.3,23.3,4,20.67
2023,01,09,14,299.7,43.3,5.7,21.7,4,17.33
2023,01,09,15,279,43,6,20,4,14
2023,01,09,16,238,35.3,13.7,18.3,4.3,17
2023,01,09,17,197,27.7,21.3,16.7,4.7,11.33
2023,01,09,18,156,20,29,15,5,10
2023,01,09,19,144.3,16,32.7,14,5,9.33
2023,01,09,20,132.7,12,36.3,13,5,8.67
2023,01,09,21,121,8,40,12,5,8
2023,01,09,22,139.7,13.7,34,12.7,4.7,7
2023,01,09,23,158.3,19.3,28,13.3,4.3,9.33
2023,01,10,00,177,25,22,14,4,10
2023,01,10,01,162,21.3,29,13.7,5.3,10.25
2023,01,10,02,147,17.7,36,13.3,6.7,10
2023,01,10,03,132,14,43,13,8,9.75
2023,01,10,04,119.7,11.3,51,13.7,8.7,10.25
2023,01,10,05,107.3,8.7,59,14.3,9.3,13
2023,01,10,06,95,6,67,15,10,11.25
2023,01,10,07,101.7,9,61.7,14,8.7,13.33
2023,01,10,08,108.3,12,56.3,13,7.3,10.67
2023,01,10,09,115,15,51,12,6,8
2023,01,10,10,165.3,29,37,15.3,6.3,10.33
2023,01,10,11,215.7,43,23,18.7,6.7,12.67
2023,01,10,12,266,57,9,22,7,15
2023,01,10,13,252,48.7,17.7,21,7.3,14.33
2023,01,10,14,238,40.3,26.3,20,7.7,13
2023,01,10,15,224,32,35,19,8,13
2023,01,10,16,204.7,27.7,36.7,19,8,13
2023,01,10,17,185.3,23.3,38.3,19,8,13
2023,01,10,18,166,19,40,19,8,13
2023,01,10,19,157,16.3,39.7,19,7.3,12
2023,01,10,20,148,13.7,39.3,19,6.7,11
2023,01,10,21,139,11,39,19,6,10
2023,01,10,22,185.7,18.7,29,23,5.7,12.33
2023,01,10,23,232.3,26.3,19,27,5.3,18
2023,01,11,00,279,34,9,31,5,17
2023,01,11,01,240,28.3,21.3,28,7.3,18
2023,01,11,02,201,22.7,33.7,25,9.7,18
2023,01,11,03,162,17,46,22,12,20
2023,01,11,04,142.3,13.7,57,21.7,12,16.25
2023,01,11,05,122.7,10.3,68,21.3,12,20
2023,01,11,06,103,7,79,21,12,18
2023,01,11,07,104.7,8.7,75,19.7,12.3,10
2023,01,11,08,106.3,10.3,71,18.3,12.7,13
2023,01,11,09,108,12,67,17,13,13
2023,01,11,10,159.3,27.7,46.7,19,13,9
2023,01,11,11,210.7,43.3,26.3,21,13,15
2023,01,11,12,262,59,6,23,13,17.25
2023,01,11,13,266.7,55.3,8,23,13,17
2023,01,11,14,271.3,51.7,10,23,13,14
2023,01,11,15,276,48,12,23,13,18
2023,01,11,16,242.7,40,19.3,22,12.3,10
2023,01,11,17,209.3,32,26.7,21,11.7,11
2023,01,11,18,176,24,34,20,11,10
2023,01,11,19,169.7,20.3,35.3,20.3,10.3,8
2023,01,11,20,163.3,16.7,36.7,20.7,9.7,10
2023,01,11,21,157,13,38,21,9,13
2023,01,11,22,207,20.3,28.3,25.3,8.7,10
2023,01,11,23,257,27.7,18.7,29.7,8.3,17
2023,01,12,00,307,35,9,34,8,10
2023,01,12,01,253.7,27.7,25.3,29.3,9.7,17
2023,01,12,02,200.3,20.3,41.7,24.7,11.3,14
2023,01,12,03,147,13,58,20,13,12
2023,01,12,04,134.7,11,67.3,20.7,13.3,14
2023,01,12,05,122.3,9,76.7,21.3,13.7,13.33
2023,01,12,06,110,7,86,22,14,14
2023,01,12,07,112,9.3,80.7,21,14.7,8
2023,01,12,08,114,11.7,75.3,20,15.3,7
2023,01,12,09,116,14,70,19,16,11
2023,01,12,10,172.3,26,53.3,25.7,37.3,12
2023,01,12,11,228.7,38,36.7,32.3,58.7,14
2023,01,12,12,285,50,20,39,80,26
2023,01,12,13,269.3,41.7,25,35.3,65.3,15
2023,01,12,14,253.7,33.3,30,31.7,50.7,17
2023,01,12,15,238,25,35,28,36,16
2023,01,12,16,221,23,35,26,34,12
2023,01,12,17,204,21,35,24,32,15
2023,01,12,18,187,19,35,22,30,11
2023,01,12,19,174,18.3,34,22,30,12
2023,01,12,20,161,17.7,33,22,30,12
2023,01,12,21,148,17,32,22,30,19
2023,01,12,22,160.7,17.7,30.7,25,31.7,22
2023,01,12,23,173.3,18.3,29.3,28,33.3,21
2023,01,13,00,186,19,28,31,35,23.25
2023,01,13,01,161.3,14.7,41,27,31.3,24
2023,01,13,02,136.7,10.3,54,23,27.7,20
2023,01,13,03,112,6,67,19,24,17
2023,01,13,04,147.3,12.3,74,25,49,20
2023,01,13,05,182.7,18.7,81,31,74,12
2023,01,13,06,218,25,88,37,99,22
2023,01,13,07,225,26.7,96.3,40.7,101.7,25
2023,01,13,08,232,28.3,104.7,44.3,104.3,19.33
2023,01,13,09,239,30,113,48,107,18
2023,01,13,10,321,46,87.7,66.3,131.3,17
2023,01,13,11,403,62,62.3,84.7,155.7,22
2023,01,13,12,485,78,37,103,180,20
2023,01,13,13,525.7,79.7,28.7,102.3,166.3,16
2023,01,13,14,566.3,81.3,20.3,101.7,152.7,15
2023,01,13,15,607,83,12,101,139,16
2023,01,13,16,544.7,75.3,16,86.3,123.7,17
2023,01,13,17,482.3,67.7,20,71.7,108.3,26
2023,01,13,18,420,60,24,57,93,15
2023,01,13,19,415.3,58,21,57.3,90,17
2023,01,13,20,410.7,56,18,57.7,87,19
2023,01,13,21,406,54,15,58,84,16
2023,01,13,22,475,66.3,14.3,65.3,101.3,17.67
2023,01,13,23,544,78.7,13.7,72.7,118.7,17
2023,01,14,00,613,91,13,80,136,21
2023,01,14,01,497.7,67.3,43.7,68.3,125.7,26
2023,01,14,02,382.3,43.7,74.3,56.7,115.3,39
2023,01,14,03,267,20,105,45,105,44
2023,01,14,04,274,20.7,121,46.3,104.3,35
2023,01,14,05,281,21.3,137,47.7,103.7,30
2023,01,14,06,288,22,153,49,103,32
2023,01,14,07,295.7,24,152.7,50,105.7,30
2023,01,14,08,303.3,26,152.3,51,108.3,36
2023,01,14,09,311,28,152,52,111,25
2023,01,14,10,415,43.7,117.3,70.7,147.7,28
2023,01,14,11,519,59.3,82.7,89.3,184.3,35
2023,01,14,12,623,75,48,108,221,36
2023,01,14,13,648,70,43.3,109.7,206.3,56
2023,01,14,14,673,65,38.7,111.3,191.7,49
2023,01,14,15,698,60,34,113,177,49
2023,01,14,16,672,55.7,32.7,107.7,165,23
2023,01,14,17,646,51.3,31.3,102.3,153,27
2023,01,14,18,620,47,30,97,141,30
2023,01,14,19,640.3,50.3,22.3,103,145.3,31
2023,01,14,20,660.7,53.7,14.7,109,149.7,30
2023,01,14,21,681,57,7,115,154,28
2023,01,14,22,678.7,58,7.3,109.7,144.7,34
2023,01,14,23,676.3,59,7.7,104.3,135.3,28
2023,01,15,00,674,60,8,99,126,34
2023,01,15,01,574.3,46.3,54,85,104,36
2023,01,15,02,474.7,32.7,100,71,82,34
2023,01,15,03,375,19,146,57,60,40
2023,01,15,04,333,17,149.7,49.7,60.3,28
2023,01,15,05,291,15,153.3,42.3,60.7,30
2023,01,15,06,249,13,157,35,61,31
2023,01,15,07,257.3,16.7,148.3,36,71.3,32
2023,01,15,08,265.7,20.3,139.7,37,81.7,35
2023,01,15,09,274,24,131,38,92,38
2023,01,15,10,354.3,41,100,57.7,132,39
2023,01,15,11,434.7,58,69,77.3,172,39
2023,01,15,12,515,75,38,97,212,37
2023,01,15,13,495.7,65,47.7,99.3,182,30
2023,01,15,14,476.3,55,57.3,101.7,152,41
2023,01,15,15,457,45,67,104,122,37
2023,01,15,16,405.7,35.3,85,90,98,56
2023,01,15,17,354.3,25.7,103,76,74,43
2023,01,15,18,303,16,121,62,50,38
2023,01,15,19,277,14.3,110.3,56.7,45.7,40
2023,01,15,20,251,12.7,99.7,51.3,41.3,29
2023,01,15,21,225,11,89,46,37,28
2023,01,15,22,217.7,12.3,81.7,47,35.3,34
2023,01,15,23,210.3,13.7,74.3,48,33.7,33
2023,01,16,00,203,15,67,49,32,33
2023,01,16,01,192,12,76.7,45.3,28.3,29
2023,01,16,02,181,9,86.3,41.7,24.7,31
2023,01,16,03,170,6,96,38,21,34
2023,01,16,04,192.3,10,103,40.7,36,26
2023,01,16,05,214.7,14,110,43.3,51,27
2023,01,16,06,237,18,117,46,66,31
2023,01,16,07,234.3,19.3,111.3,42.3,67.3,20
2023,01,16,08,231.7,20.7,105.7,38.7,68.7,30
2023,01,16,09,229,22,100,35,70,26.25
2023,01,16,10,270,30.3,86.3,46.7,79.3,33
2023,01,16,11,311,38.7,72.7,58.3,88.7,30
2023,01,16,12,352,47,59,70,98,48
2023,01,16,13,298,36.3,59.7,61,77.7,15
2023,01,16,14,244,25.7,60.3,52,57.3,30
2023,01,16,15,190,15,61,43,37,21
2023,01,16,16,202,18.3,54,47.3,46,18
2023,01,16,17,214,21.7,47,51.7,55,20
2023,01,16,18,226,25,40,56,64,18
2023,01,16,19,264.3,32,29.3,65.7,72.7,21
2023,01,16,20,302.7,39,18.7,75.3,81.3,22
2023,01,16,21,341,46,8,85,90,25
2023,01,16,22,359.3,44,9.3,89.3,90.7,46
2023,01,16,23,377.7,42,10.7,93.7,91.3,54
2023,01,17,00,396,40,12,98,92,56
2023,01,17,01,345,30.3,46,84.7,78,56
2023,01,17,02,294,20.7,80,71.3,64,50
2023,01,17,03,243,11,114,58,50,53
2023,01,17,04,262,13.3,136.7,63,67,51
2023,01,17,05,281,15.7,159.3,68,84,39
2023,01,17,06,300,18,182,73,101,43
2023,01,17,07,310,20.7,184.7,74.7,108.7,36
2023,01,17,08,320,23.3,187.3,76.3,116.3,43
2023,01,17,09,330,26,190,78,124,32
2023,01,17,10,342,30.7,161.3,85,131.3,28
2023,01,17,11,354,35.3,132.7,92,138.7,24
2023,01,17,12,366,40,104,99,146,22
2023,01,17,13,319,33.7,94,89,115.3,19
2023,01,17,14,272,27.3,84,79,84.7,34
2023,01,17,15,225,21,74,69,54,23
2023,01,17,16,217.3,18,67.3,64.7,52,35
2023,01,17,17,209.7,15,60.7,60.3,50,34
2023,01,17,18,202,12,54,56,48,30
2023,01,17,19,233,19,43.7,62,58.3,39
2023,01,17,20,264,26,33.3,68,68.7,29
2023,01,17,21,295,33,23,74,79,24
2023,01,17,22,281,32,24.3,72,76,18
2023,01,17,23,267,31,25.7,70,73,26
2023,01,18,00,253,30,27,68,70,29
2023,01,18,01,237,23.7,48,59.3,59.7,36
2023,01,18,02,221,17.3,69,50.7,49.3,36
2023,01,18,03,205,11,90,42,39,31.5
2023,01,18,04,228.7,13.7,109,46,54.7,38
2023,01,18,05,252.3,16.3,128,50,70.3,42
2023,01,18,06,276,19,147,54,86,32
2023,01,18,07,275.3,20.7,139.7,51,86.7,37
2023,01,18,08,274.7,22.3,132.3,48,87.3,33
2023,01,18,09,274,24,125,45,88,29
2023,01,18,10,388.3,45,87.3,49.3,68.7,38
2023,01,18,11,502.7,66,49.7,53.7,49.3,35
2023,01,18,12,617,87,12,58,30,36
2023,01,18,13,593.3,76.7,14.3,53,24.3,45
2023,01,18,14,569.7,66.3,16.7,48,18.7,44
2023,01,18,15,546,56,19,43,13,14
2023,01,18,16,491,54.3,19.3,39.3,11,14
2023,01,18,17,436,52.7,19.7,35.7,9,14
2023,01,18,18,381,51,20,32,7,14
2023,01,18,19,369.7,50.7,19.7,32.3,7.7,11
2023,01,18,20,358.3,50.3,19.3,32.7,8.3,13
2023,01,18,21,347,50,19,33,9,21
2023,01,18,22,376.3,48,18.7,36.3,8.7,17
2023,01,18,23,405.7,46,18.3,39.7,8.3,13
2023,01,19,00,435,44,18,43,8,19
2023,01,19,01,410,41,35,42.7,10.3,25
2023,01,19,02,385,38,52,42.3,12.7,23
2023,01,19,03,360,35,69,42,15,28
2023,01,19,04,342,28.3,101.3,49.7,32.3,29
2023,01,19,05,324,21.7,133.7,57.3,49.7,28
2023,01,19,06,306,15,166,65,67,30
2023,01,19,07,305,15.3,177,65.3,67.7,31
2023,01,19,08,304,15.7,188,65.7,68.3,32
2023,01,19,09,303,16,199,66,69,28
2023,01,19,10,328.3,24,155.3,63,69.3,38
2023,01,19,11,353.7,32,111.7,60,69.7,36
2023,01,19,12,379,40,68,57,70,34
2023,01,19,13,386.7,34.7,60,54.7,53.3,26
2023,01,19,14,394.3,29.3,52,52.3,36.7,28
2023,01,19,15,402,24,44,50,20,29
2023,01,19,16,390.3,26.7,39,50.7,26.3,23
2023,01,19,17,378.7,29.3,34,51.3,32.7,22
2023,01,19,18,367,32,29,52,39,21
2023,01,19,19,361.3,36,23.3,55,49.3,20
2023,01,19,20,355.7,40,17.7,58,59.7,44
2023,01,19,21,350,44,12,61,70,29
2023,01,19,22,337.7,39.7,14.3,60.7,73,23
2023,01,19,23,325.3,35.3,16.7,60.3,76,16
2023,01,20,00,313,31,19,60,79,23
2023,01,20,01,284.3,24,44.7,53.3,66,19
2023,01,20,02,255.7,17,70.3,46.7,53,31
2023,01,20,03,227,10,96,40,40,31
2023,01,20,04,245.7,12.7,115,44,55.3,25
2023,01,20,05,264.3,15.3,134,48,70.7,34
2023,01,20,06,283,18,153,52,86,31
2023,01,20,07,291,19.7,155.7,53.3,92.3,23
2023,01,20,08,299,21.3,158.3,54.7,98.7,21
2023,01,20,09,307,23,161,56,105,34
2023,01,20,10,341.7,31,125.7,58.3,105.7,35
2023,01,20,11,376.3,39,90.3,60.7,106.3,37
2023,01,20,12,411,47,55,63,107,27
2023,01,20,13,394,41,52.3,62.7,87.7,33
2023,01,20,14,377,35,49.7,62.3,68.3,24
2023,01,20,15,360,29,47,62,49,26
2023,01,20,16,354.3,29,44.7,62.7,51.7,36
2023,01,20,17,348.7,29,42.3,63.3,54.3,44
2023,01,20,18,343,29,40,64,57,39
2023,01,20,19,368.7,34.7,33.7,67.3,72.7,26
2023,01,20,20,394.3,40.3,27.3,70.7,88.3,34
2023,01,20,21,420,46,21,74,104,13
2023,01,20,22,399.7,38,25.7,66.3,84.3,10
2023,01,20,23,379.3,30,30.3,58.7,64.7,14
2023,01,21,00,359,22,35,51,45,14
2023,01,21,01,340.7,18,58,46.7,42.3,17
2023,01,21,02,322.3,14,81,42.3,39.7,19
2023,01,21,03,304,10,104,38,37,25
2023,01,21,04,313.3,12.3,128.3,42.7,53.3,26
2023,01,21,05,322.7,14.7,152.7,47.3,69.7,22
2023,01,21,06,332,17,177,52,86,20
2023,01,21,07,333,19.3,173.3,54.3,86.3,17
2023,01,21,08,334,21.7,169.7,56.7,86.7,17
2023,01,21,09,335,24,166,59,87,21
2023,01,21,10,408,53,117.3,59.7,61.3,20
2023,01,21,11,481,82,68.7,60.3,35.7,20
2023,01,21,12,554,111,20,61,10,20
2023,01,21,13,550.3,101.3,15.7,56.7,12.3,21
2023,01,21,14,546.7,91.7,11.3,52.3,14.7,21
2023,01,21,15,543,82,7,48,17,23
2023,01,21,16,551,80.3,4.7,50.7,16.3,18
2023,01,21,17,559,78.7,2.3,53.3,15.7,19
2023,01,21,18,567,77,0,56,15,31
2023,01,21,19,585.7,75,0,60.7,13,37
2023,01,21,20,604.3,73,0,65.3,11,36
2023,01,21,21,623,71,0,70,9,48
2023,01,21,22,611.3,66.3,2.3,80.7,29.7,77
2023,01,21,23,599.7,61.7,4.7,91.3,50.3,62
2023,01,22,00,588,57,7,102,71,49
2023,01,22,01,491.7,43.7,40.7,85,58.7,51
2023,01,22,02,395.3,30.3,74.3,68,46.3,40
2023,01,22,03,299,17,108,51,34,44
2023,01,22,04,276.3,16.7,113,47,40.3,34
2023,01,22,05,253.7,16.3,118,43,46.7,20
2023,01,22,06,231,16,123,39,53,22
2023,01,22,07,223.3,17,115,35.7,50.3,18
2023,01,22,08,215.7,18,107,32.3,47.7,19
2023,01,22,09,208,19,99,29,45,22
2023,01,22,10,330,39.7,70,37.3,32,16
2023,01,22,11,452,60.3,41,45.7,19,13
2023,01,22,12,574,81,12,54,6,11
2023,01,22,13,619.7,78.3,9,55.3,8.7,12
2023,01,22,14,665.3,75.7,6,56.7,11.3,11
2023,01,22,15,711,73,3,58,14,11
2023,01,22,16,774.7,71.3,2,68,16.7,14
2023,01,22,17,838.3,69.7,1,78,19.3,11
2023,01,22,18,902,68,0,88,22,13
2023,01,22,19,953,66,0,98.3,23.3,10
2023,01,22,20,1004,64,0,108.7,24.7,8
2023,01,22,21,1055,62,0,119,26,83
2023,01,22,22,1056,66.7,2.3,121,27.3,7
2023,01,22,23,1057,71.3,4.7,123,28.7,12
2023,01,23,00,1058,76,7,125,30,13
2023,01,23,01,843.3,63.3,41.3,109,45.3,18
2023,01,23,02,628.7,50.7,75.7,93,60.7,25
2023,01,23,03,414,38,110,77,76,28
2023,01,23,04,357.7,28.7,128,71,64.7,30
2023,01,23,05,301.3,19.3,146,65,53.3,20
2023,01,23,06,245,10,164,59,42,17
2023,01,23,07,219,11,144.7,50,32,6
2023,01,23,08,193,12,125.3,41,22,7
2023,01,23,09,167,13,106,32,12,15
2023,01,23,10,260.7,26.3,77,34.3,9.7,11
2023,01,23,11,354.3,39.7,48,36.7,7.3,23
2023,01,23,12,448,53,19,39,5,27
2023,01,23,13,509.3,48.7,16.3,43.3,4,12
2023,01,23,14,570.7,44.3,13.7,47.7,3,13
2023,01,23,15,632,40,11,52,2,12
2023,01,23,16,587.3,39,9.7,53.3,2,12
2023,01,23,17,542.7,38,8.3,54.7,2,12
2023,01,23,18,498,37,7,56,2,12
2023,01,23,19,426,36.3,6.7,53.7,2,15
2023,01,23,20,354,35.7,6.3,51.3,2,14
2023,01,23,21,282,35,6,49,2,18
2023,01,23,22,334,34.3,6,55.3,1.7,21
2023,01,23,23,386,33.7,6,61.7,1.3,19
2023,01,24,00,438,33,6,68,1,14
2023,01,24,01,348.7,26.7,26,55.3,4,13
2023,01,24,02,259.3,20.3,46,42.7,7,11
2023,01,24,03,170,14,66,30,10,10
2023,01,24,04,161,11.7,83,30.3,13.3,8
2023,01,24,05,152,9.3,100,30.7,16.7,8
2023,01,24,06,143,7,117,31,20,7
2023,01,24,07,140.3,7.7,111.3,28.7,18.7,9
2023,01,24,08,137.7,8.3,105.7,26.3,17.3,11
2023,01,24,09,135,9,100,24,16,9
2023,01,24,10,158.7,15.7,78,25.7,26,17
2023,01,24,11,182.3,22.3,56,27.3,36,10.33
2023,01,24,12,206,29,34,29,46,11
2023,01,24,13,179.7,22.7,35.7,28.7,37,18
2023,01,24,14,153.3,16.3,37.3,28.3,28,13
2023,01,24,15,127,10,39,28,19,11
2023,01,24,16,144.7,10.7,41.3,28,21.7,13
2023,01,24,17,162.3,11.3,43.7,28,24.3,12
2023,01,24,18,180,12,46,28,27,10
2023,01,24,19,210.3,15,45.3,29,33,9
2023,01,24,20,240.7,18,44.7,30,39,12
2023,01,24,21,271,21,44,31,45,13
2023,01,24,22,280,20,43.7,32.3,40.7,12.67
2023,01,24,23,289,19,43.3,33.7,36.3,18
2023,01,25,00,298,18,43,35,32,12
2023,01,25,01,286.3,14.3,59.3,30,28.7,11
2023,01,25,02,274.7,10.7,75.7,25,25.3,19
2023,01,25,03,263,7,92,20,22,17
2023,01,25,04,275.3,10,103,22.7,33.7,12
2023,01,25,05,287.7,13,114,25.3,45.3,12
2023,01,25,06,300,16,125,28,57,16
2023,01,25,07,316.3,21.3,120.7,29,69.7,8
2023,01,25,08,332.7,26.7,116.3,30,82.3,13
2023,01,25,09,349,32,112,31,95,12
2023,01,25,10,390,42.3,85.3,38,103,11
2023,01,25,11,431,52.7,58.7,45,111,15
2023,01,25,12,472,63,32,52,119,18
2023,01,25,13,437.3,57.7,35,52.3,119.7,21
2023,01,25,14,402.7,52.3,38,52.7,120.3,17
2023,01,25,15,368,47,41,53,121,12
2023,01,25,16,447,55,34.3,55,120,16
2023,01,25,17,526,63,27.7,57,119,8
2023,01,25,18,605,71,21,59,118,27
2023,01,25,19,611,70.3,20.3,56.3,110,22.67
2023,01,25,20,617,69.7,19.7,53.7,102,4
2023,01,25,21,623,69,19,51,94,14
2023,01,25,22,578,64,21.3,47,81.7,14
2023,01,25,23,533,59,23.7,43,69.3,11
2023,01,26,00,488,54,26,39,57,11
2023,01,26,01,434.7,41.7,52.3,38,51.7,21
2023,01,26,02,381.3,29.3,78.7,37,46.3,13
2023,01,26,03,328,17,105,36,41,19
2023,01,26,04,325.3,17,126.7,39,53,22
2023,01,26,05,322.7,17,148.3,42,65,17
2023,01,26,06,320,17,170,45,77,14
2023,01,26,07,313.3,19.3,161,43.3,80,16
2023,01,26,08,306.7,21.7,152,41.7,83,19
2023,01,26,09,300,24,143,40,86,23
2023,01,26,10,371,37.3,123,49.7,98.3,19
2023,01,26,11,442,50.7,103,59.3,110.7,27
2023,01,26,12,513,64,83,69,123,23
2023,01,26,13,507,53,101.3,73,102.3,29
2023,01,26,14,501,42,119.7,77,81.7,22
2023,01,26,15,495,31,138,81,61,23
2023,01,26,16,467.7,32.3,129.3,76.7,58.3,14
2023,01,26,17,440.3,33.7,120.7,72.3,55.7,20
2023,01,26,18,413,35,112,68,53,16
2023,01,26,19,451.3,40.3,101.7,74.3,67.7,20
2023,01,26,20,489.7,45.7,91.3,80.7,82.3,17
2023,01,26,21,528,51,81,87,97,17
2023,01,26,22,580.7,52,76.3,103.7,100.3,18
2023,01,26,23,633.3,53,71.7,120.3,103.7,32
2023,01,27,00,686,54,67,137,107,95
2023,01,27,01,584.7,39.7,111,115,97,30
2023,01,27,02,483.3,25.3,155,93,87,27
2023,01,27,03,382,11,199,71,77,34
2023,01,27,04,364,12.7,200.3,67,79.7,49
2023,01,27,05,346,14.3,201.7,63,82.3,47
2023,01,27,06,328,16,203,59,85,36
2023,01,27,07,331.7,24.7,174,57,95.7,35
2023,01,27,08,335.3,33.3,145,55,106.3,32
2023,01,27,09,339,42,116,53,117,33
2023,01,27,10,327.7,45.7,91,45.7,80.7,24
2023,01,27,11,316.3,49.3,66,38.3,44.3,27.67
2023,01,27,12,305,53,41,31,8,25
2023,01,27,13,348.3,57.3,28,32,7.3,16
2023,01,27,14,391.7,61.7,15,33,6.7,14
2023,01,27,15,435,66,2,34,6,28
2023,01,27,16,419,61,5.3,35.3,5.3,7
2023,01,27,17,403,56,8.7,36.7,4.7,7
2023,01,27,18,387,51,12,38,4,7
2023,01,27,19,349.7,47,16,34.3,4,6
2023,01,27,20,312.3,43,20,30.7,4,3
2023,01,27,21,275,39,24,27,4,5
2023,01,27,22,291.7,38.3,23,26.7,3,9.33
2023,01,27,23,308.3,37.7,22,26.3,2,5
2023,01,28,00,325,37,21,26,1,18
2023,01,28,01,278.7,29.7,39,22.3,7.7,9
2023,01,28,02,232.3,22.3,57,18.7,14.3,8
2023,01,28,03,186,15,75,15,21,13
2023,01,28,04,181,12.7,88.7,17.7,20.3,12
2023,01,28,05,176,10.3,102.3,20.3,19.7,15
2023,01,28,06,171,8,116,23,19,10
2023,01,28,07,183.3,11,119.3,25,22.7,6
2023,01,28,08,195.7,14,122.7,27,26.3,11
2023,01,28,09,208,17,126,29,30,8
2023,01,28,10,367.7,40.7,90.7,37.3,27.3,21
2023,01,28,11,527.3,64.3,55.3,45.7,24.7,17
2023,01,28,12,687,88,20,54,22,16
2023,01,28,13,613,83,21,49.3,16,17
2023,01,28,14,539,78,22,44.7,10,17
2023,01,28,15,465,73,23,40,4,9
2023,01,28,16,402.7,61.7,29.7,35.3,4,11
2023,01,28,17,340.3,50.3,36.3,30.7,4,12
2023,01,28,18,278,39,43,26,4,11
2023,01,28,19,288.7,35.3,42.7,27.7,3.7,12
2023,01,28,20,299.3,31.7,42.3,29.3,3.3,12
2023,01,28,21,310,28,42,31,3,13
2023,01,28,22,352.3,33,35.3,34.3,3,12
2023,01,28,23,394.7,38,28.7,37.7,3,16
2023,01,29,00,437,43,22,41,3,21
2023,01,29,01,398.7,36.3,40.3,37,11.3,20
2023,01,29,02,360.3,29.7,58.7,33,19.7,21
2023,01,29,03,322,23,77,29,28,19
2023,01,29,04,316,18.7,102,33.3,35,30
2023,01,29,05,310,14.3,127,37.7,42,28
2023,01,29,06,304,10,152,42,49,25
2023,01,29,07,292,10.3,148.3,38.7,43.7,21
2023,01,29,08,280,10.7,144.7,35.3,38.3,17
2023,01,29,09,268,11,141,32,33,24
2023,01,29,10,386,44.3,98.3,39,33.7,19
2023,01,29,11,504,77.7,55.7,46,34.3,29.33
2023,01,29,12,622,111,13,53,35,32
2023,01,29,13,625,109,15.3,53.7,29,27
2023,01,29,14,628,107,17.7,54.3,23,20
2023,01,29,15,631,105,20,55,17,12
2023,01,29,16,680.3,102,21,57.3,19,14
2023,01,29,17,729.7,99,22,59.7,21,15
2023,01,29,18,779,96,23,62,23,9
2023,01,29,19,724.7,90.3,23,55.3,23.3,16
2023,01,29,20,670.3,84.7,23,48.7,23.7,18
2023,01,29,21,616,79,23,42,24,13
2023,01,29,22,573,71.3,27.3,40,21,19
2023,01,29,23,530,63.7,31.7,38,18,19
2023,01,30,00,487,56,36,36,15,22
2023,01,30,01,461.7,47.3,60.7,39.3,21,29
2023,01,30,02,436.3,38.7,85.3,42.7,27,34
2023,01,30,03,411,30,110,46,33,31
2023,01,30,04,381,23.7,132.7,47,33.7,35
2023,01,30,05,351,17.3,155.3,48,34.3,36
2023,01,30,06,321,11,178,49,35,40
2023,01,30,07,318.7,12.3,182.3,50.3,34,38
2023,01,30,08,316.3,13.7,186.7,51.7,33,35
2023,01,30,09,314,15,191,53,32,31
2023,01,30,10,473.7,62.3,130.3,63,43.7,34
2023,01,30,11,633.3,109.7,69.7,73,55.3,47.67
2023,01,30,12,793,157,9,83,67,56
2023,01,30,13,794.7,145.7,18.3,85.7,59.7,24
2023,01,30,14,796.3,134.3,27.7,88.3,52.3,22
2023,01,30,15,798,123,37,91,45,23
2023,01,30,16,740.3,105.3,42,90.7,38,22
2023,01,30,17,682.7,87.7,47,90.3,31,27
2023,01,30,18,625,70,52,90,24,22
2023,01,30,19,645.3,69.3,45.3,91.7,25.7,25
2023,01,30,20,665.7,68.7,38.7,93.3,27.3,32
2023,01,30,21,686,68,32,95,29,48
2023,01,30,22,715,74.3,26.3,99,30,46
2023,01,30,23,744,80.7,20.7,103,31,48
2023,01,31,00,773,87,15,107,32,54
2023,01,31,01,687.3,69.7,63,101.3,52,61
2023,01,31,02,601.7,52.3,111,95.7,72,62
2023,01,31,03,516,35,159,90,92,40
2023,01,31,04,473.3,26.7,193.7,86.7,88.7,37
2023,01,31,05,430.7,18.3,228.3,83.3,85.3,32
2023,01,31,06,388,10,263,80,82,31
2023,01,31,07,364.7,12,248,77.3,68.3,29
2023,01,31,08,341.3,14,233,74.7,54.7,32
2023,01,31,09,318,16,218,72,41,32
2023,01,31,10,326.3,20.3,184.3,65.3,48.7,28
2023,01,31,11,334.7,24.7,150.7,58.7,56.3,30
2023,01,31,12,343,29,117,52,64,31
2023,01,31,13,304,24.3,101.3,46,54,29
2023,01,31,14,265,19.7,85.7,40,44,29
2023,01,31,15,226,15,70,34,34,23
2023,01,31,16,234.7,17.7,62.3,37,39,28
2023,01,31,17,243.3,20.3,54.7,40,44,26
