2022,12,31,17,919,80.7,5,110.7,114,77.67
2022,12,31,18,861,74,7,111,109,78
2022,12,31,19,759.3,60.3,12.7,104,104,73
2022,12,31,20,657.7,46.7,18.3,97,99,68
2022,12,31,21,556,33,24,90,94,63
2022,12,31,22,557,33.7,21.7,87,88,61
2022,12,31,23,558,34.3,19.3,84,82,59
2023,01,01,00,559,35,17,81,76,57
2023,01,01,01,529,33,27,77.3,85.7,54.33
2023,01,01,02,499,31,37,73.7,95.3,51.67
2023,01,01,03,469,29,47,70,105,49
2023,01,01,04,445,23,69.3,67,106,47
2023,01,01,05,421,17,91.7,64,107,45
2023,01,01,06,397,11,114,61,108,43
2023,01,01,07,397.7,12.7,114.7,62.7,110,44
2023,01,01,08,398.3,14.3,115.3,64.3,112,45
2023,01,01,09,399,16,116,66,114,46
2023,01,01,10,540,46.3,79,80.7,112.7,56.33
2023,01,01,11,681,76.7,42,95.3,111.3,66.67
2023,01,01,12,822,107,5,110,110,77
2023,01,01,13,881.7,101.7,6.7,119.3,110.7,83.67
2023,01,01,14,941.3,96.3,8.3,128.7,111.3,90.33
2023,01,01,15,1001,91,10,138,112,97
2023,01,01,16,930.3,83.7,11,140,109,98
2023,01,01,17,859.7,76.3,12,142,106,99
2023,01,01,18,789,69,13,144,103,100
2023,01,01,19,800.7,64.3,13.7,146,104,101.67
2023,01,01,20,812.3,59.7,14.3,148,105,103.33
2023,01,01,21,824,55,15,150,106,105
2023,01,01,22,889,63,12,151.3,117.7,105.67
2023,01,01,23,954,71,9,152.7,129.3,106.33
2023,01,02,00,1019,79,6,154,141,107
2023,01,02,01,952,75,13,147.3,155.7,102.33
2023,01,02,02,885,71,20,140.7,170.3,97.67
2023,01,02,03,818,67,27,134,185,93
2023,01,02,04,728.7,56,39.7,118,176.7,82
2023,01,02,05,639.3,45,52.3,102,168.3,71
2023,01,02,06,550,34,65,86,160,60
2023,01,02,07,529.7,32.7,65.3,79.3,159.7,55.33
2023,01,02,08,509.3,31.3,65.7,72.7,159.3,50.67
2023,01,02,09,489,30,66,66,159,46
2023,01,02,10,532.7,41.7,48.3,64.3,148.3,45
2023,01,02,11,576.3,53.3,30.7,62.7,137.7,44
2023,01,02,12,620,65,13,61,127,43
2023,01,02,13,616.3,61.7,13.7,58.7,120.7,41.33
2023,01,02,14,612.7,58.3,14.3,56.3,114.3,39.67
2023,01,02,15,609,55,15,54,108,38
2023,01,02,16,569.7,47.3,19.7,51.7,104.3,36.33
2023,01,02,17,530.3,39.7,24.3,49.3,100.7,34.67
2023,01,02,18,491,32,29,47,97,33
2023,01,02,19,454.3,25.7,34,45.3,92.3,31.67
2023,01,02,20,417.7,19.3,39,43.7,87.7,30.33
2023,01,02,21,381,13,44,42,83,29
2023,01,02,22,387.7,14.7,41.3,40.7,81.7,28.33
2023,01,02,23,394.3,16.3,38.7,39.3,80.3,27.67
2023,01,03,00,401,18,36,38,79,27
2023,01,03,01,405,19,37.7,37.7,82.7,26.67
2023,01,03,02,409,20,39.3,37.3,86.3,26.33
2023,01,03,03,413,21,41,37,90,26
2023,01,03,04,399,19,51.7,39,87.7,27.33
2023,01,03,05,385,17,62.3,41,85.3,28.67
2023,01,03,06,371,15,73,43,83,30
2023,01,03,07,367,15.7,78,43.7,83,30.33
2023,01,03,08,363,16.3,83,44.3,83,30.67
2023,01,03,09,359,17,88,45,83,31
2023,01,03,10,450.7,37.3,60.3,50.3,81.7,35
2023,01,03,11,542.3,57.7,32.7,55.7,80.3,39
2023,01,03,12,634,78,5,61,79,43
2023,01,03,13,712.7,76.7,3.7,71,83.3,50
2023,01,03,14,791.3,75.3,2.3,81,87.7,57
2023,01,03,15,870,74,1,91,92,64
2023,01,03,16,850.7,72.3,1,96.7,97.3,68
2023,01,03,17,831.3,70.7,1,102.3,102.7,72
2023,01,03,18,812,69,1,108,108,76
2023,01,03,19,860,67.3,1.3,110,106,77.33
2023,01,03,20,908,65.7,1.7,112,104,78.67
2023,01,03,21,956,64,2,114,102,80
2023,01,03,22,964,65,2.7,111,104,78
2023,01,03,23,972,66,3.3,108,106,76
2023,01,04,00,980,67,4,105,108,74
2023,01,04,01,813.7,56.3,15.7,92.3,123.3,65
2023,01,04,02,647.3,45.7,27.3,79.7,138.7,56
2023,01,04,03,481,35,39,67,154,47
2023,01,04,04,452,29,50,65,143.3,45.33
2023,01,04,05,423,23,61,63,132.7,43.67
2023,01,04,06,394,17,72,61,122,42
2023,01,04,07,377.7,15.3,74.3,57,110.3,39.33
2023,01,04,08,361.3,13.7,76.7,53,98.7,36.67
2023,01,04,09,345,12,79,49,87,34
2023,01,04,10,414.7,25.3,62.7,57.3,92,39.67
2023,01,04,11,484.3,38.7,46.3,65.7,97,45.33
2023,01,04,12,554,52,30,74,102,51
2023,01,04,13,593.7,51,28.7,83,102.3,57
2023,01,04,14,633.3,50,27.3,92,102.7,63
2023,01,04,15,673,49,26,101,103,69
2023,01,04,16,708.7,51.3,20.3,109.7,105.3,75.33
2023,01,04,17,744.3,53.7,14.7,118.3,107.7,81.67
2023,01,04,18,780,56,9,127,110,88
2023,01,04,19,777.7,52.7,9,129.7,107,90
2023,01,04,20,775.3,49.3,9,132.3,104,92
2023,01,04,21,773,46,9,135,101,94
2023,01,04,22,810.7,48,7.7,135.7,106,94.67
2023,01,04,23,848.3,50,6.3,136.3,111,95.33
2023,01,05,00,886,52,5,137,116,96
2023,01,05,01,830,50.7,10,130.7,153,91.67
2023,01,05,02,774,49.3,15,124.3,190,87.33
2023,01,05,03,718,48,20,118,227,83
2023,01,05,04,655.3,40.3,35.7,105,205.7,73.67
2023,01,05,05,592.7,32.7,51.3,92,184.3,64.33
2023,01,05,06,530,25,67,79,163,55
2023,01,05,07,509.7,23.7,74.3,77,152,53.67
2023,01,05,08,489.3,22.3,81.7,75,141,52.33
2023,01,05,09,469,21,89,73,130,51
2023,01,05,10,550.7,38,69.7,77.7,118,53.67
2023,01,05,11,632.3,55,50.3,82.3,106,56.33
2023,01,05,12,714,72,31,87,94,59
2023,01,05,13,766.7,71,31.3,88.3,93.7,60.33
2023,01,05,14,819.3,70,31.7,89.7,93.3,61.67
2023,01,05,15,872,69,32,91,93,63
2023,01,05,16,946.3,70.3,28.3,96.7,101.3,67
2023,01,05,17,1020.7,71.7,24.7,102.3,109.7,71
2023,01,05,18,1095,73,21,108,118,75
2023,01,05,19,983,71,18,99,118.7,69
2023,01,05,20,871,69,15,90,119.3,63
2023,01,05,21,759,67,12,81,120,57
2023,01,05,22,673.3,55.3,18,74,120.3,52
2023,01,05,23,587.7,43.7,24,67,120.7,47
2023,01,06,00,502,32,30,60,121,42
2023,01,06,01,475.7,26.3,44.7,57.7,113.3,40.33
2023,01,06,02,449.3,20.7,59.3,55.3,105.7,38.67
2023,01,06,03,423,15,74,53,98,37
2023,01,06,04,395.7,11.7,92,52.3,84.7,36.33
2023,01,06,05,368.3,8.3,110,51.7,71.3,35.67
2023,01,06,06,341,5,128,51,58,35
2023,01,06,07,345,6.3,127.7,49.7,56,34.33
2023,01,06,08,349,7.7,127.3,48.3,54,33.67
2023,01,06,09,353,9,127,47,52,33
2023,01,06,10,435.7,29.3,92.7,52.3,55.3,36.67
2023,01,06,11,518.3,49.7,58.3,57.7,58.7,40.33
2023,01,06,12,601,70,24,63,62,44
2023,01,06,13,618,69,21.3,60.3,65.7,42.33
2023,01,06,14,635,68,18.7,57.7,69.3,40.67
2023,01,06,15,652,67,16,55,73,39
2023,01,06,16,607.7,56.3,23.3,50.3,69.7,35.67
2023,01,06,17,563.3,45.7,30.7,45.7,66.3,32.33
2023,01,06,18,519,35,38,41,63,29
2023,01,06,19,510.7,30.7,39,42,60.7,29.67
2023,01,06,20,502.3,26.3,40,43,58.3,30.33
2023,01,06,21,494,22,41,44,56,31
2023,01,06,22,525.3,27,37.7,45,56,31.67
2023,01,06,23,556.7,32,34.3,46,56,32.33
2023,01,07,00,588,37,31,47,56,33
2023,01,07,01,557,33.7,41.3,43.3,65.3,30.33
2023,01,07,02,526,30.3,51.7,39.7,74.7,27.67
2023,01,07,03,495,27,62,36,84,25
2023,01,07,04,464,22.3,71.3,39,85,27.33
2023,01,07,05,433,17.7,80.7,42,86,29.67
2023,01,07,06,402,13,90,45,87,32
2023,01,07,07,400.7,13.3,93,47,88.7,33.33
2023,01,07,08,399.3,13.7,96,49,90.3,34.67
2023,01,07,09,398,14,99,51,92,36
2023,01,07,10,518.3,40.7,77.3,67,91,47
2023,01,07,11,638.7,67.3,55.7,83,90,58
2023,01,07,12,759,94,34,99,89,69
2023,01,07,13,751,86.3,32.7,104,89.7,72.33
2023,01,07,14,743,78.7,31.3,109,90.3,75.67
2023,01,07,15,735,71,30,114,91,79
2023,01,07,16,782,76.3,20.7,124.3,100.7,86
2023,01,07,17,829,81.7,11.3,134.7,110.3,93
2023,01,07,18,876,87,2,145,120,100
2023,01,07,19,853,76.3,6.3,143.7,107.7,99
2023,01,07,20,830,65.7,10.7,142.3,95.3,98
2023,01,07,21,807,55,15,141,83,97
2023,01,07,22,826.3,57.7,16,139.3,87.3,96.33
2023,01,07,23,845.7,60.3,17,137.7,91.7,95.67
2023,01,08,00,865,63,18,136,96,95
2023,01,08,01,870,63.7,29.3,136.7,126,95.33
2023,01,08,02,875,64.3,40.7,137.3,156,95.67
2023,01,08,03,880,65,52,138,186,96
2023,01,08,04,781.7,51.7,74.3,125.3,184.7,87
2023,01,08,05,683.3,38.3,96.7,112.7,183.3,78
2023,01,08,06,585,25,119,100,182,69
2023,01,08,07,558.7,24,121,97.3,172,67.33
2023,01,08,08,532.3,23,123,94.7,162,65.67
2023,01,08,09,506,22,125,92,152,64
2023,01,08,10,595,43.7,95.7,102.7,141.3,71
2023,01,08,11,684,65.3,66.3,113.3,130.7,78
2023,01,08,12,773,87,37,124,120,85
2023,01,08,13,720.7,73,44.7,119.7,113.3,81
2023,01,08,14,668.3,59,52.3,115.3,106.7,77
2023,01,08,15,616,45,60,111,100,73
2023,01,08,16,612.3,43,56.3,115.7,97.3,76.33
2023,01,08,17,608.7,41,52.7,120.3,94.7,79.67
2023,01,08,18,605,39,49,125,92,83
2023,01,08,19,632.7,38,44.3,129,89,86.67
2023,01,08,20,660.3,37,39.7,133,86,90.33
2023,01,08,21,688,36,35,137,83,94
2023,01,08,22,771,42,28,147.3,94,101.67
2023,01,08,23,854,48,21,157.7,105,109.33
2023,01,09,00,937,54,14,168,116,117
2023,01,09,01,836.3,43.7,45.3,153,152,106
2023,01,09,02,735.7,33.3,76.7,138,188,95
2023,01,09,03,635,23,108,123,224,84
2023,01,09,04,612.7,20,124.3,120.3,212.3,82.33
2023,01,09,05,590.3,17,140.7,117.7,200.7,80.67
2023,01,09,06,568,14,157,115,189,79
2023,01,09,07,572.7,16,157,118.3,184.7,81.33
2023,01,09,08,577.3,18,157,121.7,180.3,83.67
2023,01,09,09,582,20,157,125,176,86
2023,01,09,10,714.3,47.3,109.3,138.7,158.7,95.67
2023,01,09,11,846.7,74.7,61.7,152.3,141.3,105.33
2023,01,09,12,979,102,14,166,124,115
2023,01,09,13,945.7,88.7,22.3,158.7,115,110
2023,01,09,14,912.3,75.3,30.7,151.3,106,105
2023,01,09,15,879,62,39,144,97,100
2023,01,09,16,917,64.7,30.3,154.7,93.7,107.33
2023,01,09,17,955,67.3,21.7,165.3,90.3,114.67
2023,01,09,18,993,70,13,176,87,122
2023,01,09,19,962.3,61.3,17.7,174,82,120.67
2023,01,09,20,931.7,52.7,22.3,172,77,119.33
2023,01,09,21,901,44,27,170,72,118
2023,01,09,22,880,43.7,28,161.7,75.3,112.33
2023,01,09,23,859,43.3,29,153.3,78.7,106.67
2023,01,10,00,838,43,30,145,82,101
2023,01,10,01,821,44.3,38.3,140.7,99.7,98
2023,01,10,02,804,45.7,46.7,136.3,117.3,95
2023,01,10,03,787,47,55,132,135,92
2023,01,10,04,735.7,41.3,67.7,130.7,140,91
2023,01,10,05,684.3,35.7,80.3,129.3,145,90
2023,01,10,06,633,30,93,128,150,89
2023,01,10,07,605.7,32.7,84,123,141.3,85.67
2023,01,10,08,578.3,35.3,75,118,132.7,82.33
2023,01,10,09,551,38,66,113,124,79
2023,01,10,10,711,56.7,44.3,125,111,87.33
2023,01,10,11,871,75.3,22.7,137,98,95.67
2023,01,10,12,1031,94,1,149,85,104
2023,01,10,13,976.3,87.7,2,146.3,80.3,102
2023,01,10,14,921.7,81.3,3,143.7,75.7,100
2023,01,10,15,867,75,4,141,71,98
2023,01,10,16,860.7,74,3,143,72.3,99.67
2023,01,10,17,854.3,73,2,145,73.7,101.33
2023,01,10,18,848,72,1,147,75,103
2023,01,10,19,888,71.7,0.7,150.3,70.3,105.33
2023,01,10,20,928,71.3,0.3,153.7,65.7,107.67
2023,01,10,21,968,71,0,157,61,110
2023,01,10,22,1018.3,72.3,0.3,157.3,65,110
2023,01,10,23,1068.7,73.7,0.7,157.7,69,110
2023,01,11,00,1119,75,1,158,73,110
2023,01,11,01,1013.3,69.3,9.3,147,95.3,102.33
2023,01,11,02,907.7,63.7,17.7,136,117.7,94.67
2023,01,11,03,802,58,26,125,140,87
2023,01,11,04,700.7,48,40,109,126.3,76
2023,01,11,05,599.3,38,54,93,112.7,65
2023,01,11,06,498,28,68,77,99,54
2023,01,11,07,474.3,27.3,70.3,72,91,50.33
2023,01,11,08,450.7,26.7,72.7,67,83,46.67
2023,01,11,09,427,26,75,62,75,43
2023,01,11,10,470,38,58.3,63,75,43.67
2023,01,11,11,513,50,41.7,64,75,44.33
2023,01,11,12,556,62,25,65,75,45
2023,01,11,13,587,62.7,19.7,71.7,78,49.67
2023,01,11,14,618,63.3,14.3,78.3,81,54.33
2023,01,11,15,649,64,9,85,84,59
2023,01,11,16,673.3,63.3,6.7,92.7,82.3,64.33
2023,01,11,17,697.7,62.7,4.3,100.3,80.7,69.67
2023,01,11,18,722,62,2,108,79,75
2023,01,11,19,720,61,1.7,108,76.7,75
2023,01,11,20,718,60,1.3,108,74.3,75
2023,01,11,21,716,59,1,108,72,75
2023,01,11,22,752,57.3,1.7,106.7,73,74.33
2023,01,11,23,788,55.7,2.3,105.3,74,73.67
2023,01,12,00,824,54,3,104,75,73
2023,01,12,01,714.3,43.3,24.7,89,77,62.33
2023,01,12,02,604.7,32.7,46.3,74,79,51.67
2023,01,12,03,495,22,68,59,81,41
2023,01,12,04,440.7,17.7,77.7,53,71.7,37
2023,01,12,05,386.3,13.3,87.3,47,62.3,33
2023,01,12,06,332,9,97,41,53,29
2023,01,12,07,329.7,9.3,100,41,49.7,29
2023,01,12,08,327.3,9.7,103,41,46.3,29
2023,01,12,09,325,10,106,41,43,29
2023,01,12,10,371.7,22.7,82,41.3,46.3,29
2023,01,12,11,418.3,35.3,58,41.7,49.7,29
2023,01,12,12,465,48,34,42,53,29
2023,01,12,13,459,45.3,31.3,41.3,51,28.67
2023,01,12,14,453,42.7,28.7,40.7,49,28.33
2023,01,12,15,447,40,26,40,47,28
2023,01,12,16,402,33.7,29.3,38,44.7,26.33
2023,01,12,17,357,27.3,32.7,36,42.3,24.67
2023,01,12,18,312,21,36,34,40,23
2023,01,12,19,294,16.7,38.7,33.3,36.7,23
2023,01,12,20,276,12.3,41.3,32.7,33.3,23
2023,01,12,21,258,8,44,32,30,23
2023,01,12,22,278,12,40,33.3,31.7,23.67
2023,01,12,23,298,16,36,34.7,33.3,24.33
2023,01,13,00,318,20,32,36,35,25
2023,01,13,01,305,16.3,44.3,35.7,35.7,25
2023,01,13,02,292,12.7,56.7,35.3,36.3,25
2023,01,13,03,279,9,69,35,37,25
2023,01,13,04,266.3,7.7,84.7,37,36,26.33
2023,01,13,05,253.7,6.3,100.3,39,35,27.67
2023,01,13,06,241,5,116,41,34,29
2023,01,13,07,246,7,114,41,32.3,28.67
2023,01,13,08,251,9,112,41,30.7,28.33
2023,01,13,09,256,11,110,41,29,28
2023,01,13,10,297.3,21.3,94.7,43.3,35.3,29.67
2023,01,13,11,338.7,31.7,79.3,45.7,41.7,31.33
2023,01,13,12,380,42,64,48,48,33
2023,01,13,13,345,35.7,62.7,44,43,30.33
2023,01,13,14,310,29.3,61.3,40,38,27.67
2023,01,13,15,275,23,60,36,33,25
2023,01,13,16,259.3,21,54.7,34.7,31.3,24
2023,01,13,17,243.7,19,49.3,33.3,29.7,23
2023,01,13,18,228,17,44,32,28,22
2023,01,13,19,237.3,16,40.7,32.7,29,22.67
2023,01,13,20,246.7,15,37.3,33.3,30,23.33
2023,01,13,21,256,14,34,34,31,24
2023,01,13,22,298.3,20.7,27.3,37.7,31.7,26.33
2023,01,13,23,340.7,27.3,20.7,41.3,32.3,28.67
2023,01,14,00,383,34,14,45,33,31
2023,01,14,01,347,30.3,26.3,39.7,31.7,27.33
2023,01,14,02,311,26.7,38.7,34.3,30.3,23.67
2023,01,14,03,275,23,51,29,29,20
2023,01,14,04,234,17,68.7,26,28,18
2023,01,14,05,193,11,86.3,23,27,16
2023,01,14,06,152,5,104,20,26,14
2023,01,14,07,179,10,98.3,24.3,26.3,17
2023,01,14,08,206,15,92.7,28.7,26.7,20
2023,01,14,09,233,20,87,33,27,23
2023,01,14,10,343.7,43,60.7,51,42.3,35.67
2023,01,14,11,454.3,66,34.3,69,57.7,48.33
2023,01,14,12,565,89,8,87,73,61
2023,01,14,13,554.7,84.3,11.7,86.7,67.3,60.67
2023,01,14,14,544.3,79.7,15.3,86.3,61.7,60.33
2023,01,14,15,534,75,19,86,56,60
2023,01,14,16,573.7,75.7,16,92,57.7,64.33
2023,01,14,17,613.3,76.3,13,98,59.3,68.67
2023,01,14,18,653,77,10,104,61,73
2023,01,14,19,558.7,63.3,26,88,65,61.33
2023,01,14,20,464.3,49.7,42,72,69,49.67
2023,01,14,21,370,36,58,56,73,38
2023,01,14,22,378,31.3,56,57,78.7,39
2023,01,14,23,386,26.7,54,58,84.3,40
2023,01,15,00,394,22,52,59,90,41
2023,01,15,01,472.3,21,51.7,55,86.3,38.33
2023,01,15,02,550.7,20,51.3,51,82.7,35.67
2023,01,15,03,629,19,51,47,79,33
2023,01,15,04,597.7,18.7,59.3,47.7,76,33.33
2023,01,15,05,566.3,18.3,67.7,48.3,73,33.67
2023,01,15,06,535,18,76,49,70,34
2023,01,15,07,489,20,68.7,45.7,73.3,31.67
2023,01,15,08,443,22,61.3,42.3,76.7,29.33
2023,01,15,09,397,24,54,39,80,27
2023,01,15,10,388.3,23.7,59,36,79.3,25
2023,01,15,11,379.7,23.3,64,33,78.7,23
2023,01,15,12,371,23,69,30,78,21
2023,01,15,13,351.3,20.3,61.3,28,76.7,19.67
2023,01,15,14,331.7,17.7,53.7,26,75.3,18.33
2023,01,15,15,312,15,46,24,74,17
2023,01,15,16,307.3,13.7,46,26,74,18.33
2023,01,15,17,302.7,12.3,46,28,74,19.67
2023,01,15,18,298,11,46,30,74,21
2023,01,15,19,295,9.7,46,29,73,20.33
2023,01,15,20,292,8.3,46,28,72,19.67
2023,01,15,21,289,7,46,27,71,19
2023,01,15,22,297,8.3,43.7,27.3,73.7,19
2023,01,15,23,305,9.7,41.3,27.7,76.3,19
2023,01,16,00,313,11,39,28,79,19
2023,01,16,01,327.7,13,38.7,29,82,20
2023,01,16,02,342.3,15,38.3,30,85,21
2023,01,16,03,357,17,38,31,88,22
2023,01,16,04,360.3,16.7,46,33.7,91,23.67
2023,01,16,05,363.7,16.3,54,36.3,94,25.33
2023,01,16,06,367,16,62,39,97,27
2023,01,16,07,371.7,16.3,71.3,40.7,99,28.33
2023,01,16,08,376.3,16.7,80.7,42.3,101,29.67
2023,01,16,09,381,17,90,44,103,31
2023,01,16,10,401,23,76.7,46.7,104.7,33
2023,01,16,11,421,29,63.3,49.3,106.3,35
2023,01,16,12,441,35,50,52,108,37
2023,01,16,13,498.7,42.7,39.3,59.3,107.3,42
2023,01,16,14,556.3,50.3,28.7,66.7,106.7,47
2023,01,16,15,614,58,18,74,106,52
2023,01,16,16,614.7,60,13.7,69.7,112.7,49
2023,01,16,17,615.3,62,9.3,65.3,119.3,46
2023,01,16,18,616,64,5,61,126,43
2023,01,16,19,540,51.7,12.7,55,120.3,38.67
2023,01,16,20,464,39.3,20.3,49,114.7,34.33
2023,01,16,21,388,27,28,43,109,30
2023,01,16,22,361.3,21.7,32.7,41.3,104.3,28.67
2023,01,16,23,334.7,16.3,37.3,39.7,99.7,27.33
2023,01,17,00,308,11,42,38,95,26
2023,01,17,01,321.7,13.3,40.3,40,96.7,27.67
2023,01,17,02,335.3,15.7,38.7,42,98.3,29.33
2023,01,17,03,349,18,37,44,100,31
2023,01,17,04,350.3,18.3,42,45.7,101.7,32
2023,01,17,05,351.7,18.7,47,47.3,103.3,33
2023,01,17,06,353,19,52,49,105,34
2023,01,17,07,349.7,19.7,54.3,48,104.7,33.33
2023,01,17,08,346.3,20.3,56.7,47,104.3,32.67
2023,01,17,09,343,21,59,46,104,32
2023,01,17,10,349.3,25,52,44.7,104.3,31
2023,01,17,11,355.7,29,45,43.3,104.7,30
2023,01,17,12,362,33,38,42,105,29
2023,01,17,13,368.3,33.3,33.3,42,108.7,29.33
2023,01,17,14,374.7,33.7,28.7,42,112.3,29.67
2023,01,17,15,381,34,24,42,116,30
2023,01,17,16,368.3,30.7,25,41.3,115.3,29.33
2023,01,17,17,355.7,27.3,26,40.7,114.7,28.67
2023,01,17,18,343,24,27,40,114,28
2023,01,17,19,326.3,19.3,31.7,39,105.7,27.33
2023,01,17,20,309.7,14.7,36.3,38,97.3,26.67
2023,01,17,21,293,10,41,37,89,26
2023,01,17,22,291,10.3,41.3,39.7,84,27.67
2023,01,17,23,289,10.7,41.7,42.3,79,29.33
2023,01,18,00,287,11,42,45,74,31
2023,01,18,01,295.3,12.7,43,46.3,78,32
2023,01,18,02,303.7,14.3,44,47.7,82,33
2023,01,18,03,312,16,45,49,86,34
2023,01,18,04,316,15.3,53.7,51,87,35.67
2023,01,18,05,320,14.7,62.3,53,88,37.33
2023,01,18,06,324,14,71,55,89,39
2023,01,18,07,330,14.3,79,55.7,89.3,39.33
2023,01,18,08,336,14.7,87,56.3,89.7,39.67
2023,01,18,09,342,15,95,57,90,40
2023,01,18,10,422.7,32.7,70.3,66.7,92.3,46.67
2023,01,18,11,503.3,50.3,45.7,76.3,94.7,53.33
2023,01,18,12,584,68,21,86,97,60
2023,01,18,13,600,68.7,16.3,88.3,93,61.67
2023,01,18,14,616,69.3,11.7,90.7,89,63.33
2023,01,18,15,632,70,7,93,85,65
2023,01,18,16,724,69,5,98.3,84.7,68.67
2023,01,18,17,816,68,3,103.7,84.3,72.33
2023,01,18,18,908,67,1,109,84,76
2023,01,18,19,908.7,66.3,0.7,103.3,84,72
2023,01,18,20,909.3,65.7,0.3,97.7,84,68
2023,01,18,21,910,65,0,92,84,64
2023,01,18,22,909.3,63.7,1,94.7,83.7,66
2023,01,18,23,908.7,62.3,2,97.3,83.3,68
2023,01,19,00,908,61,3,100,83,70
2023,01,19,01,756.7,51,20,91,96,63.67
2023,01,19,02,605.3,41,37,82,109,57.33
2023,01,19,03,454,31,54,73,122,51
2023,01,19,04,411.7,25,67.7,69.7,115,48.67
2023,01,19,05,369.3,19,81.3,66.3,108,46.33
2023,01,19,06,327,13,95,63,101,44
2023,01,19,07,320.7,12.3,102.7,60.7,94.7,42.33
2023,01,19,08,314.3,11.7,110.3,58.3,88.3,40.67
2023,01,19,09,308,11,118,56,82,39
2023,01,19,10,364.3,24.7,89.7,60.7,93.3,42.33
2023,01,19,11,420.7,38.3,61.3,65.3,104.7,45.67
2023,01,19,12,477,52,33,70,116,49
2023,01,19,13,561.3,60,22.7,75.3,113.3,52.67
2023,01,19,14,645.7,68,12.3,80.7,110.7,56.33
2023,01,19,15,730,76,2,86,108,60
2023,01,19,16,751,75,1.3,85.3,108.7,59.67
2023,01,19,17,772,74,0.7,84.7,109.3,59.33
2023,01,19,18,793,73,0,84,110,59
2023,01,19,19,729.7,69.3,1,78.7,108,55.33
2023,01,19,20,666.3,65.7,2,73.3,106,51.67
2023,01,19,21,603,62,3,68,104,48
2023,01,19,22,556.7,53,7,65,99.7,45.67
2023,01,19,23,510.3,44,11,62,95.3,43.33
2023,01,20,00,464,35,15,59,91,41
2023,01,20,01,442,30,25.7,57.7,98,40
2023,01,20,02,420,25,36.3,56.3,105,39
2023,01,20,03,398,20,47,55,112,38
2023,01,20,04,387,17.7,64.7,56.7,110,39.33
2023,01,20,05,376,15.3,82.3,58.3,108,40.67
2023,01,20,06,365,13,100,60,106,42
2023,01,20,07,351.7,12.3,108,58,97.7,40.33
2023,01,20,08,338.3,11.7,116,56,89.3,38.67
2023,01,20,09,325,11,124,54,81,37
2023,01,20,10,488,34.7,92.7,74,91.7,51.33
2023,01,20,11,651,58.3,61.3,94,102.3,65.67
2023,01,20,12,814,82,30,114,113,80
2023,01,20,13,981.7,88,21,123.7,116,86.67
2023,01,20,14,1149.3,94,12,133.3,119,93.33
2023,01,20,15,1317,100,3,143,122,100
2023,01,20,16,1356.3,99.3,2,146,124.3,102
2023,01,20,17,1395.7,98.7,1,149,126.7,104
2023,01,20,18,1435,98,0,152,129,106
2023,01,20,19,1419.3,96,0,149,124.7,104
2023,01,20,20,1403.7,94,0,146,120.3,102
2023,01,20,21,1388,92,0,143,116,100
2023,01,20,22,1333,86.3,3.3,142.7,109.3,99.67
2023,01,20,23,1278,80.7,6.7,142.3,102.7,99.33
2023,01,21,00,1223,75,10,142,96,99
2023,01,21,01,1015.7,58,41,131,124.7,91.33
2023,01,21,02,808.3,41,72,120,153.3,83.67
2023,01,21,03,601,24,103,109,182,76
2023,01,21,04,532.3,18.3,122.3,97.3,158.7,67.33
2023,01,21,05,463.7,12.7,141.7,85.7,135.3,58.67
2023,01,21,06,395,7,161,74,112,50
2023,01,21,07,383.7,7.3,163,70.7,104.7,47.67
2023,01,21,08,372.3,7.7,165,67.3,97.3,45.33
2023,01,21,09,361,8,167,64,90,43
2023,01,21,10,428,22.7,133,74.3,86,50
2023,01,21,11,495,37.3,99,84.7,82,57
2023,01,21,12,562,52,65,95,78,64
2023,01,21,13,572.7,47.3,64,96,73.3,64.33
2023,01,21,14,583.3,42.7,63,97,68.7,64.67
2023,01,21,15,594,38,62,98,64,65
2023,01,21,16,577,34.7,60.7,95,62.7,63.33
2023,01,21,17,560,31.3,59.3,92,61.3,61.67
2023,01,21,18,543,28,58,89,60,60
2023,01,21,19,538,25,58,91,59.3,61.33
2023,01,21,20,533,22,58,93,58.7,62.67
2023,01,21,21,528,19,58,95,58,64
2023,01,21,22,573.7,24.3,51.3,102,62.7,69
2023,01,21,23,619.3,29.7,44.7,109,67.3,74
2023,01,22,00,665,35,38,116,72,79
2023,01,22,01,585,27.3,65.3,101.7,69,68.33
2023,01,22,02,505,19.7,92.7,87.3,66,57.67
2023,01,22,03,425,12,120,73,63,47
2023,01,22,04,392,10.7,126.3,66,58,42.67
2023,01,22,05,359,9.3,132.7,59,53,38.33
2023,01,22,06,326,8,139,52,48,34
2023,01,22,07,322.7,8.3,142.3,52,48,34
2023,01,22,08,319.3,8.7,145.7,52,48,34
2023,01,22,09,316,9,149,52,48,34
2023,01,22,10,384.3,26.3,117.3,58,45,38
2023,01,22,11,452.7,43.7,85.7,64,42,42
2023,01,22,12,521,61,54,70,39,46
2023,01,22,13,533.7,55.7,53.3,71,39.3,47
2023,01,22,14,546.3,50.3,52.7,72,39.7,48
2023,01,22,15,559,45,52,73,40,49
2023,01,22,16,546,41.3,49,76,38.3,51
2023,01,22,17,533,37.7,46,79,36.7,53
2023,01,22,18,520,34,43,82,35,55
2023,01,22,19,490.7,27.3,47.7,76.7,34.3,51.33
2023,01,22,20,461.3,20.7,52.3,71.3,33.7,47.67
2023,01,22,21,432,14,57,66,33,44
2023,01,22,22,478,20.7,46.7,73,33.3,49
2023,01,22,23,524,27.3,36.3,80,33.7,54
2023,01,23,00,570,34,26,87,34,59
2023,01,23,01,507.3,28.3,43.3,72,33.3,49
2023,01,23,02,444.7,22.7,60.7,57,32.7,39
2023,01,23,03,382,17,78,42,32,29
2023,01,23,04,348,13.7,88,41.3,32.7,28.33
2023,01,23,05,314,10.3,98,40.7,33.3,27.67
2023,01,23,06,280,7,108,40,34,27
2023,01,23,07,285.7,7.7,110.3,41.3,34.3,27.67
2023,01,23,08,291.3,8.3,112.7,42.7,34.7,28.33
2023,01,23,09,297,9,115,44,35,29
2023,01,23,10,343.7,17.3,98,46,37.7,30.67
2023,01,23,11,390.3,25.7,81,48,40.3,32.33
2023,01,23,12,437,34,64,50,43,34
2023,01,23,13,449.7,32.3,58.3,53.3,59,36.33
2023,01,23,14,462.3,30.7,52.7,56.7,75,38.67
2023,01,23,15,475,29,47,60,91,41
2023,01,23,16,447.3,23,46,50,83.7,34.33
2023,01,23,17,419.7,17,45,40,76.3,27.67
2023,01,23,18,392,11,44,30,69,21
2023,01,23,19,378,9,46.3,30,62.7,21
2023,01,23,20,364,7,48.7,30,56.3,21
2023,01,23,21,350,5,51,30,50,21
2023,01,23,22,346.7,6.3,51.3,31.7,50.3,22
2023,01,23,23,343.3,7.7,51.7,33.3,50.7,23
2023,01,24,00,340,9,52,35,51,24
2023,01,24,01,341.3,10.3,56.7,36,58.3,24.67
2023,01,24,02,342.7,11.7,61.3,37,65.7,25.33
2023,01,24,03,344,13,66,38,73,26
2023,01,24,04,335.7,11,75.3,42.3,77,29.33
2023,01,24,05,327.3,9,84.7,46.7,81,32.67
2023,01,24,06,319,7,94,51,85,36
2023,01,24,07,327.3,7.3,103.3,54,88.7,38
2023,01,24,08,335.7,7.7,112.7,57,92.3,40
2023,01,24,09,344,8,122,60,96,42
2023,01,24,10,421.7,25.7,95.7,67.3,96.3,47
2023,01,24,11,499.3,43.3,69.3,74.7,96.7,52
2023,01,24,12,577,61,43,82,97,57
2023,01,24,13,756,71.3,29,93.3,97.7,65.33
2023,01,24,14,935,81.7,15,104.7,98.3,73.67
2023,01,24,15,1114,92,1,116,99,82
2023,01,24,16,1049.7,86.3,4.3,112.7,96,79.33
2023,01,24,17,985.3,80.7,7.7,109.3,93,76.67
2023,01,24,18,921,75,11,106,90,74
2023,01,24,19,793.3,60.7,21,100,90,70
2023,01,24,20,665.7,46.3,31,94,90,66
2023,01,24,21,538,32,41,88,90,62
2023,01,24,22,530.7,31.7,40,89,90.3,62.67
2023,01,24,23,523.3,31.3,39,90,90.7,63.33
2023,01,25,00,516,31,38,91,91,64
2023,01,25,01,486.3,25.7,55.7,87.3,99.7,61
2023,01,25,02,456.7,20.3,73.3,83.7,108.3,58
2023,01,25,03,427,15,91,80,117,55
2023,01,25,04,402.7,11.7,107.7,75.7,101.7,52
2023,01,25,05,378.3,8.3,124.3,71.3,86.3,49
2023,01,25,06,354,5,141,67,71,46
2023,01,25,07,350.7,5.3,138.3,64.7,62.7,44
2023,01,25,08,347.3,5.7,135.7,62.3,54.3,42
2023,01,25,09,344,6,133,60,46,40
2023,01,25,10,373.3,13.3,113.3,58.3,42,39
2023,01,25,11,402.7,20.7,93.7,56.7,38,38
2023,01,25,12,432,28,74,55,34,37
2023,01,25,13,474.7,32.7,61.7,57.3,33.7,38.67
2023,01,25,14,517.3,37.3,49.3,59.7,33.3,40.33
2023,01,25,15,560,42,37,62,33,42
2023,01,25,16,553,41.7,34,64.3,34.3,43.33
2023,01,25,17,546,41.3,31,66.7,35.7,44.67
2023,01,25,18,539,41,28,69,37,46
2023,01,25,19,553.7,40.7,27,74.3,42,50
2023,01,25,20,568.3,40.3,26,79.7,47,54
2023,01,25,21,583,40,25,85,52,58
2023,01,25,22,677,44.7,18.3,95.7,59.3,65.67
2023,01,25,23,771,49.3,11.7,106.3,66.7,73.33
2023,01,26,00,865,54,5,117,74,81
2023,01,26,01,714.3,40,39,98,68.7,66.67
2023,01,26,02,563.7,26,73,79,63.3,52.33
2023,01,26,03,413,12,107,60,58,38
2023,01,26,04,364.7,9,115.3,52.7,47.7,33.33
2023,01,26,05,316.3,6,123.7,45.3,37.3,28.67
2023,01,26,06,268,3,132,38,27,24
2023,01,26,07,262.3,4,130,38,25.7,24
2023,01,26,08,256.7,5,128,38,24.3,24
2023,01,26,09,251,6,126,38,23,24
2023,01,26,10,299.3,19,101,40.3,28.7,25.67
2023,01,26,11,347.7,32,76,42.7,34.3,27.33
2023,01,26,12,396,45,51,45,40,29
2023,01,26,13,394.7,41,50.7,46.7,41.7,30
2023,01,26,14,393.3,37,50.3,48.3,43.3,31
2023,01,26,15,392,33,50,50,45,32
2023,01,26,16,382,30.7,52.7,48.7,48.7,31
2023,01,26,17,372,28.3,55.3,47.3,52.3,30
2023,01,26,18,362,26,58,46,56,29
2023,01,26,19,361.3,20.3,56,43.7,53.7,28
2023,01,26,20,360.7,14.7,54,41.3,51.3,27
2023,01,26,21,360,9,52,39,49,26
2023,01,26,22,362,9.3,51,41,58,28
2023,01,26,23,364,9.7,50,43,67,30
2023,01,27,00,366,10,49,45,76,32
2023,01,27,01,367,11.7,52.3,56.3,80.3,39.67
2023,01,27,02,368,13.3,55.7,67.7,84.7,47.33
2023,01,27,03,369,15,59,79,89,55
2023,01,27,04,351,12.3,68.3,78.3,86.3,54.67
2023,01,27,05,333,9.7,77.7,77.7,83.7,54.33
2023,01,27,06,315,7,87,77,81,54
2023,01,27,07,312.7,8,87,74.7,81.3,52.33
2023,01,27,08,310.3,9,87,72.3,81.7,50.67
2023,01,27,09,308,10,87,70,82,49
2023,01,27,10,345,20,72.3,69,85.7,48.33
2023,01,27,11,382,30,57.7,68,89.3,47.67
2023,01,27,12,419,40,43,67,93,47
2023,01,27,13,481,47.7,33.3,68.7,92.7,48
2023,01,27,14,543,55.3,23.7,70.3,92.3,49
2023,01,27,15,605,63,14,72,92,50
2023,01,27,16,560.7,53.3,22.3,69.7,90.7,48.67
2023,01,27,17,516.3,43.7,30.7,67.3,89.3,47.33
2023,01,27,18,472,34,39,65,88,46
2023,01,27,19,426.3,26.3,45.3,61.7,87.3,43.33
2023,01,27,20,380.7,18.7,51.7,58.3,86.7,40.67
2023,01,27,21,335,11,58,55,86,38
2023,01,27,22,321.7,11.7,59,52.7,88.3,36.33
2023,01,27,23,308.3,12.3,60,50.3,90.7,34.67
2023,01,28,00,295,13,61,48,93,33
2023,01,28,01,293,12.7,69,48.7,96,33.33
2023,01,28,02,291,12.3,77,49.3,99,33.67
2023,01,28,03,289,12,85,50,102,34
2023,01,28,04,282,9.7,100.7,51.3,98,35
2023,01,28,05,275,7.3,116.3,52.7,94,36
2023,01,28,06,268,5,132,54,90,37
2023,01,28,07,269,5.3,138.3,54.7,89.3,37.67
2023,01,28,08,270,5.7,144.7,55.3,88.7,38.33
2023,01,28,09,271,6,151,56,88,39
2023,01,28,10,398,33.7,112,67,91,46.67
2023,01,28,11,525,61.3,73,78,94,54.33
2023,01,28,12,652,89,34,89,97,62
2023,01,28,13,701.3,86.3,30.7,97,98.3,67.67
2023,01,28,14,750.7,83.7,27.3,105,99.7,73.33
2023,01,28,15,800,81,24,113,101,79
2023,01,28,16,789.7,76.3,24,115.7,106.3,80.67
2023,01,28,17,779.3,71.7,24,118.3,111.7,82.33
2023,01,28,18,769,67,24,121,117,84
2023,01,28,19,989.7,66.3,22.7,125,119.3,87
2023,01,28,20,1210.3,65.7,21.3,129,121.7,90
2023,01,28,21,1431,65,20,133,124,93
2023,01,28,22,1374.3,73.3,18.3,126,120.7,88
2023,01,28,23,1317.7,81.7,16.7,119,117.3,83
2023,01,29,00,1261,90,15,112,114,78
2023,01,29,01,989,68.7,39.7,98,116.7,68
2023,01,29,02,717,47.3,64.3,84,119.3,58
2023,01,29,03,445,26,89,70,122,48
2023,01,29,04,386.3,19,105.3,66,112.7,45
2023,01,29,05,327.7,12,121.7,62,103.3,42
2023,01,29,06,269,5,138,58,94,39
2023,01,29,07,268.7,5.3,142.7,59.7,92,40
2023,01,29,08,268.3,5.7,147.3,61.3,90,41
2023,01,29,09,268,6,152,63,88,42
2023,01,29,10,387,29.7,116,79.7,94.3,54.33
2023,01,29,11,506,53.3,80,96.3,100.7,66.67
2023,01,29,12,625,77,44,113,107,79
2023,01,29,13,611.3,69,43.3,122.7,103.3,85.67
2023,01,29,14,597.7,61,42.7,132.3,99.7,92.33
2023,01,29,15,584,53,42,142,96,99
2023,01,29,16,564.7,46.7,42.3,146.7,101,102
2023,01,29,17,545.3,40.3,42.7,151.3,106,105
2023,01,29,18,526,34,43,156,111,108
2023,01,29,19,552,35,40.3,159.3,121.7,110.33
2023,01,29,20,578,36,37.7,162.7,132.3,112.67
2023,01,29,21,604,37,35,166,143,115
2023,01,29,22,735.3,60,25.3,169.3,128,117.67
2023,01,29,23,866.7,83,15.7,172.7,113,120.33
2023,01,30,00,998,106,6,176,98,123
2023,01,30,01,900.7,91,42.3,166.7,125.3,116
2023,01,30,02,803.3,76,78.7,157.3,152.7,109
2023,01,30,03,706,61,115,148,180,102
2023,01,30,04,628.3,44.7,144.3,134.7,163.3,93
2023,01,30,05,550.7,28.3,173.7,121.3,146.7,84
2023,01,30,06,473,12,203,108,130,75
2023,01,30,07,458.3,11,207.7,106.7,124.7,74
2023,01,30,08,443.7,10,212.3,105.3,119.3,73
2023,01,30,09,429,9,217,104,114,72
2023,01,30,10,452.3,17.7,183,107,115.3,74
2023,01,30,11,475.7,26.3,149,110,116.7,76
2023,01,30,12,499,35,115,113,118,78
2023,01,30,13,490,34,101.7,106.7,107,72.67
2023,01,30,14,481,33,88.3,100.3,96,67.33
2023,01,30,15,472,32,75,94,85,62
2023,01,30,16,474.3,31,70.7,95.7,85.7,63
2023,01,30,17,476.7,30,66.3,97.3,86.3,64
2023,01,30,18,479,29,62,99,87,65
2023,01,30,19,493.3,27,59.7,105.7,92,69.33
2023,01,30,20,507.7,25,57.3,112.3,97,73.67
2023,01,30,21,522,23,55,119,102,78
2023,01,30,22,572.7,31.7,50,126.3,110,84
2023,01,30,23,623.3,40.3,45,133.7,118,90
2023,01,31,00,674,49,40,141,126,96
2023,01,31,01,562.3,36.3,71.3,117.7,112.3,78.33
2023,01,31,02,450.7,23.7,102.7,94.3,98.7,60.67
2023,01,31,03,339,11,134,71,85,43
2023,01,31,04,325.3,10,130.7,66.7,82,40.67
2023,01,31,05,311.7,9,127.3,62.3,79,38.33
2023,01,31,06,298,8,124,58,76,36
2023,01,31,07,292.7,9,119.7,56.3,79.7,34.67
2023,01,31,08,287.3,10,115.3,54.7,83.3,33.33
2023,01,31,09,282,11,111,53,87,32
2023,01,31,10,297.3,17,103,56,82.7,34
2023,01,31,11,312.7,23,95,59,78.3,36
2023,01,31,12,328,29,87,62,74,38
2023,01,31,13,354.7,31.3,78.3,65,69.7,39.67
2023,01,31,14,381.3,33.7,69.7,68,65.3,41.33
2023,01,31,15,408,36,61,71,61,43
2023,01,31,16,403,34,60,70.7,62,44
2023,01,31,17,398,32,59,70.3,63,45
